Color,Num Reviews (Critics),Duration,Main actor facebook likes,Gross,Num voted users,Total cast facebook likes,Num Reviews (Users),Language,Country, Content rating,Budget,Title year,Imdb score,Aspect ratio,Movie facebook likes
1,211,101,907,25863915,28257,2471,151,17,6,9,35000000,2012,5.1,2.35,11000
1,224,98,8000,35063732,164608,10938,383,17,6,12,32000000,2007,6.4,2.35,10000
1,97,94,2000,30222640,36666,4868,144,17,6,9,25000000,2003,5.3,1.85,0
1,302,117,11000,27000000,461609,13877,1168,17,6,12,28000000,1982,8.2,2.35,34000
1,208,122,40000,31598308,124765,41636,541,17,6,12,35000000,2001,6.8,2.35,0
1,95,110,510,33927476,19176,1976,165,17,63,12,40000000,1997,5.7,2.35,956
1,199,142,11000,28341469,1689764,13495,4144,17,6,12,25000000,1994,9.3,1.85,108000
1,92,97,20000,27338033,19709,20798,167,17,6,9,23000000,2001,6.1,1.85,0
1,138,107,2000,42385520,47297,4059,86,17,6,9,30000000,2010,6.2,1.85,16000
1,95,110,510,33927476,19176,1976,165,17,63,12,40000000,1997,5.7,2.35,956
1,64,127,11000,23209440,9283,12785,112,17,6,12,30000000,1998,7,1.85,592
1,144,177,913,27400000,97087,2449,569,17,6,9,40000000,1984,6.6,2.35,11000
1,324,128,11000,31838002,136673,13189,281,17,6,12,20000000,2008,7.6,1.85,10000
1,220,83,731,37053924,77935,1987,122,17,33,12,28000000,2011,6.1,2.35,0
1,159,110,3000,28831145,39357,3757,113,17,6,12,25000000,2014,6.8,2.35,14000
1,303,136,14000,42615685,136093,28927,416,17,6,12,40000000,2014,6.1,2.35,24000
1,224,98,8000,35063732,164608,10938,383,17,6,12,32000000,2007,6.4,2.35,10000
1,44,106,18000,24048000,23579,20772,88,17,6,12,30000000,1995,5.5,2.35,0
1,98,118,1000,30920167,6476,3389,71,17,6,9,25000000,2012,5.7,2.35,0
1,233,98,860,32774834,136048,2609,700,17,6,12,30000000,2004,7.2,2.35,0
1,168,118,2000,44983704,81866,4045,510,17,6,9,31000000,2000,7.3,2.35,0
1,111,86,869,38232624,88518,3854,409,17,6,9,30000000,2008,2.7,1.85,0
1,360,109,20000,37553932,304318,34011,463,17,6,9,40000000,2011,6.7,2.35,52000
1,44,95,1000,37788228,15046,4537,80,17,6,9,35200000,2003,5.4,1.85,638
1,122,107,141,36874745,12276,389,117,17,6,9,20000000,2016,6.3,2.35,21000
1,122,101,446,37617947,8143,966,203,17,6,14,30000000,2006,6.8,2.35,0
1,292,98,125,29975979,105797,189,281,17,23,12,20000000,2009,6.5,2.35,0
1,156,103,2000,34290142,54242,4662,145,17,6,12,19800000,2014,6.6,2.35,14000
1,169,115,20000,26814957,84357,77823,252,17,63,9,35000000,2008,6.7,1.85,0
1,230,111,26000,36064910,166610,28643,211,17,6,12,45000000,2008,6.4,2.35,0
1,230,111,26000,36064910,166610,28643,211,17,6,12,45000000,2008,6.4,2.35,0
1,77,155,12000,44175394,56509,37570,227,17,6,12,36000000,1997,7.2,1.85,0
1,25,96,1000,35617599,20688,2965,47,17,6,14,45000000,1995,5.9,1.85,0
1,285,143,11000,34300771,243799,11248,908,17,11,12,25000000,2006,7.5,1.85,0
1,112,107,618,21835784,58297,1095,161,17,6,9,30000000,2005,6.6,1.85,0
1,148,128,955,37036404,44816,5404,259,17,6,9,30000000,2000,6.4,1.85,0
1,100,107,3000,29374178,12093,4565,188,17,6,12,40000000,2000,5.1,2.35,394
1,285,143,11000,34300771,243799,11248,908,17,11,12,25000000,2006,7.5,1.85,0
1,69,104,585,40118420,26066,1165,216,17,6,9,30000000,2002,5.6,1.85,0
1,44,139,14000,31600000,34427,16125,126,17,6,12,28000000,1995,6.9,2.35,0
1,91,155,18000,25078937,31751,19689,216,17,6,12,30000000,1997,6.6,1.85,0
1,122,99,18000,33000377,27378,23344,365,17,6,12,28000000,2000,4.9,2.35,0
1,98,115,970,39177215,30667,3770,234,17,6,9,38000000,2002,5.6,2.35,0
1,166,129,919,37567440,113068,2024,337,17,6,12,20000000,1982,6.9,2.35,0
1,219,123,10000,34531832,44788,13371,138,17,63,9,35000000,2015,7.1,2.35,23000
1,69,94,2000,36985501,11212,3917,94,17,6,14,26000000,2002,5.2,1.85,874
1,248,108,13000,33313582,52888,16031,175,17,6,12,21000000,2009,6.5,1.85,0
1,110,116,2000,30199105,25346,3753,167,17,6,12,40000000,2000,5.7,2.35,470
1,157,123,18000,33508922,95860,23920,660,17,6,9,40000000,2000,7.2,1.85,16000
1,153,88,31000,32014289,50337,34319,177,17,6,9,20000000,2013,3.5,1.85,13000
1,153,88,31000,32014289,50337,34319,177,17,6,9,20000000,2013,3.5,1.85,13000
1,248,108,13000,33313582,52888,16031,175,17,6,12,21000000,2009,6.5,1.85,0
1,44,139,14000,31600000,34427,16125,126,17,6,12,28000000,1995,6.9,2.35,0
1,148,114,49000,31655091,87331,50927,364,17,6,14,30000000,2007,7.5,2.35,18000
1,329,138,21000,292000866,355137,33433,1108,17,63,9,150000000,2007,7.5,2.35,0
1,258,159,11000,317557891,444683,13191,1571,17,63,14,125000000,2001,7.5,2.35,16000
1,389,137,34000,281666058,166137,81385,383,17,6,9,160000000,2015,6.6,2.35,38000
1,323,104,10000,256386216,530870,13076,1413,17,6,9,150000000,2007,7.2,2.35,11000
1,476,109,13000,93050117,338087,17689,814,17,6,12,115000000,2013,6.6,2.35,61000
1,102,107,2000,100685880,100821,4046,554,17,6,9,120000000,2003,4.8,2.35,0
1,191,90,622,124870275,152601,1227,156,17,6,14,100000000,2009,7,2.35,0
1,436,135,10000,113165635,229823,12175,504,17,6,9,125000000,2012,6.7,2.35,31000
1,200,152,2000,108638745,292022,4270,1103,17,6,12,92000000,2001,7.7,2.35,10000
1,252,145,10000,132014112,399651,12546,1331,17,6,9,102000000,2002,7.7,2.35,0
1,198,125,11000,125531634,284852,19359,627,17,6,9,110000000,2004,6.4,2.35,0
1,141,78,558,89296573,128285,2039,297,17,6,4,100000000,2000,7.3,1.66,0
1,217,118,8000,88761720,141179,14024,419,17,63,14,95000000,2010,5.9,2.35,9000
1,80,91,2000,100117603,102933,4842,230,17,6,4,100000000,1996,6.9,1.78,0
1,703,173,26000,623279547,995415,87697,1722,17,6,9,220000000,2012,8.1,1.85,123000
1,160,99,23000,70327868,58416,26527,301,17,33,12,46000000,2000,5.9,2.35,0
1,231,98,931,89706988,126746,2287,600,17,6,9,55000000,2005,6.2,2.35,0
1,213,140,11000,80574010,63493,20440,302,17,6,9,60000000,2010,5.7,1.85,26000
1,142,102,8000,93607673,47573,9176,343,17,6,9,48000000,2001,5.7,2.35,881
1,160,103,1000,70117571,56741,6207,515,17,6,14,58000000,1998,6.4,2.35,1000
1,166,98,12000,67128202,43328,14007,110,17,6,14,65000000,2009,5.7,2.35,0
1,64,127,18000,67823573,91176,30383,130,17,6,12,50000000,1995,6.6,1.85,0
2,310,100,309,75280058,143121,647,279,17,6,14,60000000,2009,7.7,1.85,10000
1,142,121,940,83892374,85720,4230,297,17,6,9,66000000,1998,7,2.35,0
1,111,118,1000,87666629,283480,3986,263,17,6,14,40000000,1990,7.4,1.37,0
1,355,116,833,83552429,154955,4001,800,17,6,9,70000000,2011,5.8,2.35,25000
1,252,123,11000,94125426,79264,13321,277,17,6,9,40000000,2009,7,1.85,13000
1,233,112,17000,95308367,206104,18141,850,17,6,12,48000000,2002,6.8,2.35,0
1,310,118,33000,84244877,375456,57426,292,17,6,9,50000000,2011,7.4,2.39,44000
1,55,109,426,81022333,34471,1761,147,17,6,9,50000000,1995,5,1.85,0
1,213,102,25000,71423726,123558,26998,609,17,6,14,45000000,1999,7.3,2.35,19000
1,114,105,5000,93815117,68417,7184,242,17,6,9,55000000,2002,5.1,2.35,0
1,152,113,1000,69304264,73068,4660,419,17,6,12,48000000,1999,6.8,2.35,0
1,171,156,14000,75530832,97047,20761,452,17,6,12,55000000,1999,6.8,2.35,0
1,178,116,11000,77086030,65297,14931,602,17,11,9,62000000,2000,6.6,2.35,0
1,152,113,1000,69304264,73068,4660,419,17,6,12,48000000,1999,6.8,2.35,0
1,60,107,10000,82670733,60476,14006,97,17,6,9,60000000,1990,5.9,2.35,0
1,40,93,789,68208190,60572,2986,144,17,6,9,65000000,1999,6.3,1.85,0
2,310,100,309,75280058,143121,647,279,17,6,14,60000000,2009,7.7,1.85,10000
1,230,129,18000,88504640,273108,19148,646,17,6,12,45000000,2006,7.6,2.35,0
1,81,94,16000,6241697,16059,31005,210,17,11,9,13000000,1999,6.1,1.85,0
1,111,112,2000,26345,16445,4810,99,17,63,12,3000000,2012,6.1,2.35,0
1,251,89,447,3645438,55040,923,539,20,11,20,2200000,2003,6.8,2.35,0
1,160,101,71,1984378,27346,226,206,17,6,20,2000000,2006,6.5,1.78,0
2,88,90,126,110536,4117,284,118,17,6,14,40000,2001,7,1.85,0
1,60,102,17000,317040,6723,30978,36,17,6,9,15500000,2008,6.8,2.35,1000
1,81,109,436,8134217,15412,1141,90,17,6,12,12000000,2008,7,2.35,0
1,663,93,2000,12784397,70336,2658,269,17,6,9,1800000,2012,7.3,1.85,31000
1,195,104,638,4231500,30479,822,162,9,62,14,1000000,2013,7.8,2.35,16000
1,8,91,353,2712293,475,380,11,17,6,12,450000,1991,5.9,1.85,123
1,35,97,834,4131640,5463,4091,20,17,6,9,7500000,2008,3.1,1.85,140
1,30,100,10000,3275585,10735,13160,88,17,63,12,11500000,1993,6.6,1.85,561
1,59,88,302,2073984,4743,663,135,17,11,12,800000,2002,7.2,1.85,219
2,71,78,262,10018,3228,509,31,17,6,13,1000000,2006,6.1,1.85,244
1,12,92,18000,12836,1686,20135,28,17,6,12,4000000,1997,5.8,1.85,161
1,101,109,503,9000000,7584,731,137,17,6,16,900000,1970,6.2,2.35,0
1,116,101,420,864959,20275,1215,151,17,63,14,4000000,2005,6.9,1.85,0
1,39,99,3000,5871603,3116,6485,39,17,6,12,13000000,1999,6,1.85,251
1,163,112,10000,2445646,32382,12897,99,17,6,12,5000000,2014,7,2.35,13000
1,81,116,624,1980338,12366,1209,151,17,6,12,5000000,1998,7,1.85,507
1,149,105,27000,2338695,134070,29277,263,17,63,12,4000000,2004,7.4,2.35,0
1,13,109,54,5199,720,185,23,17,6,12,200000,2004,6.6,2.35,30
1,231,99,11000,9203192,45396,11328,136,17,6,9,5000000,2011,6.8,1.85,15000
1,88,99,711,11883495,52805,1462,278,17,63,12,9000000,1998,6.8,1.85,0
1,110,97,378,7022940,14018,1173,190,17,6,12,1000000,2001,6.7,1.85,682
1,75,90,953,5844929,6000,2510,109,17,6,9,3000000,2002,7,1.85,595
1,115,88,938,1243961,13421,3770,34,17,6,12,850000,2012,6,2.35,0
1,50,84,925,2892582,22697,3559,202,17,6,12,4000000,1996,7.6,1.85,0
1,67,89,117,313436,12244,155,95,15,19,12,15500000,2001,7.6,1.85,0
1,121,93,497,2426851,16224,776,76,17,6,12,4000000,2007,6.5,2.55,830
1,349,115,74,610968,170155,216,249,10,43,12,3800000,2012,8.3,2.35,60000
1,242,89,963,4443403,70194,1754,158,20,11,9,7300000,2007,8,1.85,14000
1,37,97,10000,326308,6632,13718,69,17,6,12,5000000,1996,6.1,2.35,225
1,21,98,876,1953732,4996,1351,62,17,6,12,15000000,1986,5.3,2.35,843
1,217,105,12000,66637,29608,14462,92,17,6,12,6500000,2009,7.2,2.35,0
1,111,89,402,3193102,24412,1335,240,17,6,12,9000000,1999,7.1,1.85,944
1,34,104,8000,12793213,18286,10430,73,17,6,12,6000000,1988,6.2,1.85,0
1,63,88,487,143000,4122,1495,48,17,6,12,5000000,2009,4.1,2.35,0
1,38,108,1000,594904,2582,1805,89,17,6,9,1200000,2012,6,1.85,0
1,35,96,4000,4394936,11439,5668,190,17,33,9,6000000,1999,5.3,2.35,901
1,16,100,245,982214,1976,295,51,17,6,12,1000000,1998,7.2,1.85,603
1,65,95,702,2955039,3624,2007,27,17,6,9,9000000,2007,6.2,2.35,313
1,18,117,861,379643,1573,2161,29,17,6,9,2200000,2007,5.9,1.85,285
1,110,97,378,7022940,14018,1173,190,17,6,12,1000000,2001,6.7,1.85,682
1,43,99,419,302204,6705,975,53,17,63,14,3000000,1997,6.6,2.35,167
1,114,96,730,1325073,18762,1208,91,17,6,12,4000000,2005,6.6,2.35,708
1,163,104,769,4046737,67949,2251,390,17,6,12,4000000,2002,7.1,1.85,15000
1,111,88,435,13367101,19715,1140,166,17,6,12,6500000,2006,5.9,2.35,515
1,447,127,678,225377,70382,1557,190,20,11,9,8900000,2012,7.9,1.85,33000
1,254,102,40000,1821983,31089,43810,261,17,6,12,3000000,2014,5.4,2.35,20000
1,54,111,980,985341,3479,3166,87,17,6,12,500000,1999,7.3,1.85,180
1,193,88,3000,59379,12796,4729,52,17,6,13,200000,2013,6.8,2.35,0
1,94,130,24,9473382,26832,29,247,20,1,12,10000000,1998,7.7,1.85,0
1,20,93,906,5561,4995,4725,34,17,6,9,10000000,2007,3.9,1.85,160
1,120,112,990,4306697,26720,2820,196,17,1,12,5000000,1997,7.7,2.35,920
1,43,145,639,5669081,3665,1807,57,19,59,12,10818775,2012,6.6,2.35,0
1,79,107,603,578527,20008,988,112,17,6,12,10000000,2008,5.7,1.78,883
1,211,80,50,5792822,168398,65,492,17,6,12,2700000,2004,8,1.85,13000
1,113,98,969,389804,11816,2530,35,17,6,13,65000,2010,6.3,2.35,0
1,74,108,710,49526,16299,2119,129,17,6,12,6800000,2005,7,2.35,1000
1,17,99,97,3273588,4195,382,50,17,6,9,6000000,1993,6.7,1.85,0
1,18,117,861,379643,1573,2161,29,17,6,9,2200000,2007,5.9,1.85,285
1,61,113,402,9054736,5744,787,57,17,6,12,2700000,1997,7.1,1.66,381
1,177,96,19000,10515579,66840,20132,248,17,63,9,4000000,2006,6.7,1.85,0
1,81,121,149,112935,8161,251,94,17,63,12,9000000,2002,7.6,1.85,484
1,71,98,88,2938208,7143,173,52,17,6,9,225000,1990,7.5,1.66,865
1,58,95,1000,6739141,23383,4755,68,17,23,12,8000000,1992,5.9,1.85,1000
1,78,95,963,37606,31836,2658,90,17,1,12,3500000,2009,6.8,2.35,0
1,152,135,398,128486,26156,569,74,2,66,12,10000000,2008,7.3,2.35,0
1,182,83,2000,4244155,56005,3374,112,17,6,12,10000000,2011,6.5,1.85,0
1,198,120,23000,5484375,84641,24270,205,17,6,9,10000000,2006,7.3,1.85,0
1,64,113,331,146402,9913,387,38,19,38,12,4000000,2002,7.7,1.85,0
1,60,91,1000,5480318,9427,2691,79,17,6,12,5000000,1998,6.6,1.85,462
1,415,97,18000,5009677,260607,19404,485,17,63,12,5000000,2009,7.9,2.35,47000
1,32,99,8000,127144,5159,9608,27,17,6,9,8000000,2005,5.5,2.35,143
1,70,93,1000,3500000,10082,2319,100,17,6,12,2700000,1986,5.9,1.85,0
1,9,96,474,703,480,920,21,17,6,12,1500000,2001,5.4,1.85,47
1,18,90,919,13493,531,2288,19,17,6,12,600000,1998,6.6,1.85,51
1,71,91,400,4186931,6041,1330,85,17,6,12,250000,2001,6.9,1.85,169
1,43,86,893,226792,3080,3049,44,17,63,12,10000000,2001,6.2,1.85,117
1,283,133,15000,727883,580999,17040,2110,17,6,12,4500000,2001,8.1,2.35,33000
1,53,215,262,13300000,12631,778,63,17,6,12,600000,1970,8.1,2.2,0
1,88,99,711,11883495,52805,1462,278,17,63,12,9000000,1998,6.8,1.85,0
1,405,109,140,8114507,95362,328,270,17,6,12,3000000,2013,7.9,1.85,62000
1,29,87,552,1332,2038,2251,20,17,6,13,500000,2012,4.6,2.35,898
1,114,164,883,8373585,39680,1934,308,17,6,12,7000000,1988,7.6,1.85,0
1,75,90,953,5844929,6000,2510,109,17,6,9,3000000,2002,7,1.85,595
1,46,137,591,10161099,23441,1341,108,17,63,9,9000000,1989,7.7,1.85,0
1,133,103,7000,532988,5863,9660,25,17,6,9,7000000,2015,6.5,1.85,0
1,192,178,918,5501940,248354,2334,564,5,33,12,13500000,2004,8.3,1.85,14000
1,93,108,14000,3049135,50197,14574,265,17,53,12,5000000,1994,7.4,2.35,0
1,34,103,736,75078,1398,1403,26,17,6,12,14000000,2000,6.3,1.85,132
1,84,53,141,274661,10564,313,40,17,6,12,1000000,2007,7.7,1.85,0
1,91,78,376,2882062,5178,1144,101,17,6,9,150000,2000,6.3,1.85,132
1,47,99,798,104257,19194,1430,160,17,63,12,2200000,1999,7.1,1.85,0
1,71,91,400,4186931,6041,1330,85,17,6,12,250000,2001,6.9,1.85,169
1,9,100,250,902835,1489,454,40,17,6,20,250000,2001,6.7,1.85,133
1,52,144,786,2483955,8369,1674,165,17,6,12,9600000,2005,6.7,1.85,957
1,20,97,599,39852,1238,1030,25,17,6,12,3000000,1999,6.7,1.85,117
1,123,111,845,548934,16863,1554,57,17,39,9,12000000,2009,6.8,1.85,0
1,17,83,16000,126247,24958,17469,103,17,6,14,6200000,1994,3.3,1.85,321
1,279,90,1000,258113,42678,1528,135,17,6,12,1066167,2013,7.1,2.35,0
1,216,102,24000,11434867,59637,51355,130,17,6,9,6000000,2012,7.1,1.85,21000
1,10,89,628,444044,744,4249,19,17,6,12,1900000,2015,7.2,1.85,1000
1,49,87,3000,3071947,18711,9555,183,17,6,12,3500000,1999,5.4,1.85,0
1,125,81,49000,7825820,13086,50831,156,17,6,12,4000000,2006,5.9,1.85,576
1,103,103,13000,236266,15104,13000,290,17,6,12,3500000,2002,6.2,2.35,0
1,67,101,1000,6851636,13010,2697,182,17,6,12,6000000,1999,5.9,1.85,0
1,29,82,93,9628751,5164,315,65,17,6,14,5000000,2000,5.9,1.85,207
1,214,135,1000,7563397,533200,1211,749,34,55,12,3300000,2002,8.7,1.85,28000
1,149,106,17000,3588432,29341,18947,93,17,6,12,6000000,2014,6.7,2.35,0
1,92,106,835,410241,32357,2110,199,17,6,12,2000000,2002,6.8,1.85,3000
1,60,103,548,1420578,4894,2389,122,17,6,9,1900000,2003,6.4,2.35,298
1,38,100,706,860002,6454,1579,43,17,6,14,12000000,2005,7.3,1.85,0
1,75,118,172,399879,5772,378,115,17,23,12,15000000,2006,6.4,2.35,302
1,74,108,710,49526,16299,2119,129,17,6,12,6800000,2005,7,2.35,1000
1,35,97,834,4131640,5463,4091,20,17,6,9,7500000,2008,3.1,1.85,140
1,75,90,953,5844929,6000,2510,109,17,6,9,3000000,2002,7,1.85,595
1,59,150,859,6157157,21416,3942,198,17,6,9,5000000,1989,7,1.85,0
1,33,74,886,6491350,1231,5139,26,17,6,14,10000000,2004,5.8,1.85,49
1,31,106,2000,399793,2877,4343,70,17,6,12,4000000,1999,5.4,1.78,111
1,48,99,812,1227324,6921,3337,48,17,6,12,12500000,1996,6.6,1.85,344
1,108,101,8000,2506446,8662,11327,172,17,6,12,2000000,2002,4.7,1.85,134
1,132,122,433,6754898,20000,1291,188,17,6,12,12000000,2006,6.2,2.35,0
1,217,105,12000,66637,29608,14462,92,17,6,12,6500000,2009,7.2,2.35,0
1,101,109,503,9000000,7584,731,137,17,6,16,900000,1970,6.2,2.35,0
1,29,93,58,155984,586,62,9,17,6,20,160000,2009,7.4,1.85,0
1,149,91,130,4946250,9540,198,80,17,6,9,1000000,2013,7.4,1.78,14000
1,101,109,503,9000000,7584,731,137,17,6,16,900000,1970,6.2,2.35,0
1,49,101,14000,1631839,5936,17665,91,17,6,12,10000000,2000,5.7,1.85,242
1,16,80,2000,2833383,910,2459,11,17,6,12,427000,2012,5.7,2.35,0
1,50,98,11000,101228,7228,20009,53,17,6,12,3500000,2005,6.4,1.85,414
1,31,106,2000,399793,2877,4343,70,17,6,12,4000000,1999,5.4,1.78,111
1,106,110,1000,2365931,36657,4762,318,17,6,12,1500000,1998,7.5,1.85,0
1,377,112,33000,9701559,141425,35941,283,17,6,12,3500000,2010,7.4,1.66,25000
1,337,95,422,5997134,36381,1899,126,17,6,12,1000000,2012,7.2,1.85,11000
1,64,84,159,3100650,7277,417,181,17,6,9,14000000,2001,3.9,1.85,231
1,110,97,378,7022940,14018,1173,190,17,6,12,1000000,2001,6.7,1.85,682
1,78,104,1000,1779284,12047,1292,122,17,6,12,12000000,2002,7.1,1.85,677
1,31,91,53,287761,2482,86,16,17,53,14,1000000,2013,7.6,1.85,0
1,129,103,374,3093491,8307,1283,37,17,6,12,5000000,2014,6.6,1.85,5000
1,36,125,60,223878,3548,132,21,48,4,12,5000000,2003,6.5,2.35,282
1,2,127,16000,1000000,524,17250,8,17,24,14,14000000,1978,6.5,2.35,76
1,128,111,963,3076425,23660,3543,162,20,11,12,8000000,2002,7.1,1.85,0
1,4,92,93,425899,1123,168,31,17,6,14,400000,2010,5.1,1.78,638
1,36,98,138,10246600,6375,388,36,17,6,12,25000,1995,6.6,1.85,265
1,271,86,934,4007792,101287,2714,260,17,6,12,750000,2012,7,2.35,31000
1,49,84,1000,10017041,8265,4815,20,17,6,12,3000000,2009,5.9,1.85,545
1,163,112,10000,2445646,32382,12897,99,17,6,12,5000000,2014,7,2.35,13000
1,74,82,1000,13350177,7904,4856,113,17,6,9,5000000,2008,3.8,1.85,562
1,47,90,426,75727,5699,862,40,19,6,9,2500000,2008,5.9,1.85,0
1,118,75,61,686383,22811,75,71,17,11,13,6500000,2009,7.7,1.85,11000
1,415,97,18000,5009677,260607,19404,485,17,63,12,5000000,2009,7.9,2.35,47000
1,158,99,1000,2344847,18561,2158,119,17,6,12,7000000,2008,6.8,2.35,0
1,469,125,12000,172051787,264183,25550,665,17,6,14,170000000,2010,6.8,2.35,30000
1,258,150,22000,141614023,149922,22697,438,17,6,14,225000000,2008,6.6,2.35,0
1,469,125,12000,172051787,264186,25549,665,17,6,14,170000000,2010,6.8,2.35,30000
1,100,133,10000,172825435,383784,12285,331,17,6,12,25000000,1988,8,1.85,12000
1,221,115,10000,183436380,97697,13159,185,17,6,9,29000000,2015,6.5,1.85,40000
1,349,167,559,161029270,119928,2702,331,17,6,12,28000000,2015,7.9,2.35,76000
1,493,110,13000,171031347,240962,25964,724,17,6,9,38000000,2010,7.7,2.35,36000
1,119,130,11000,183875760,213668,13357,270,17,6,9,44000000,1993,7.8,1.85,0
1,157,226,503,198655278,215340,1862,706,17,6,4,3977000,1939,8.2,1.37,16000
1,371,131,722,169076745,218711,3229,485,17,6,12,32500000,2011,6.8,2.35,27000
1,166,74,15000,191796233,623757,19046,391,17,6,4,30000000,1995,8.3,1.85,0
1,238,88,17000,80170146,243053,21863,488,17,6,9,85000000,2008,6.1,2.35,0
1,151,104,12000,47592825,82731,16930,255,17,6,9,85000000,2003,6.7,2.35,0
1,140,136,24000,67286731,67856,36925,345,17,6,9,100000000,2004,6.7,2.35,0
1,84,104,3000,47474112,58227,5062,181,17,6,9,90000000,1997,5.4,1.85,2000
1,245,101,12000,72660029,115687,16235,269,17,6,9,100000000,2014,6,2.35,21000
1,526,113,40000,79711678,199039,80849,479,17,6,9,100000000,2012,6.2,1.85,82000
1,156,91,14000,74158157,60370,27405,264,17,6,14,79000000,2011,3.4,1.85,0
1,106,83,13000,73215310,44143,14261,216,17,6,4,80000000,2002,7,2.35,4000
1,192,129,660,54700065,221521,2031,1049,17,6,12,105000000,1997,7.2,1.85,0
1,235,125,12000,66257002,350698,16138,816,17,6,9,70000000,2003,8,1.37,26000
1,82,89,2000,50802661,58300,3372,139,17,6,14,95000000,2000,6.9,1.85,0
1,93,132,49000,58220776,87785,55254,362,17,6,14,100000000,1999,6.8,1.85,0
2,202,110,1000,66462600,141533,4714,786,17,6,9,78000000,2003,5.8,2.35,0
1,262,125,15000,62647540,143525,15850,657,17,33,12,70000000,2005,7.1,2.35,0
1,492,117,10000,58607007,182910,14160,630,17,6,9,100000000,2014,6.2,2.35,60000
1,107,83,4000,84303558,65270,6081,100,17,6,14,85000000,2006,6.2,1.85,863
1,129,86,713,40041683,34620,3421,107,17,6,12,2500000,2013,5.1,1.85,0
1,149,91,1000,41867960,65512,3023,478,17,6,12,20000000,2001,5.5,1.33,0
1,264,101,10000,51527787,45603,14159,268,17,6,12,15000000,2009,5.5,1.85,0
1,61,197,924,46300000,29323,4109,344,17,6,10,9400000,1963,7.6,2.76,0
1,190,96,723,63270259,111087,3492,319,17,6,12,10000000,2007,5.9,1.85,0
1,323,109,939,47536959,86956,3276,275,17,6,12,10000000,2009,7.3,1.85,12000
1,129,97,15000,48237389,63969,18789,126,17,6,9,25000000,2008,5.5,2.35,0
1,106,120,29000,46338728,167750,33791,506,17,6,9,14500000,1996,6.8,2.35,10000
1,63,109,3000,61693523,6276,7833,55,17,6,14,13000000,2016,6.8,1.85,16000
1,311,87,463,40990055,41509,1958,300,17,11,9,1800000,2010,5.6,1.85,0
1,52,87,818,37566230,3407,2164,48,17,6,14,17000000,2003,5.1,1.85,309
1,98,103,969,57469179,63855,2987,248,17,6,12,11500000,1989,6.6,1.85,0
1,61,111,1000,42652003,18915,2851,87,17,6,14,20000000,2015,6.8,2.35,33000
1,18,108,699,54215416,21409,936,63,17,6,9,6500000,1987,6.8,1.85,0
1,63,81,13000,63071133,42892,17035,154,17,6,9,12000000,1996,6.8,1.85,0
1,311,87,463,40990055,41509,1958,300,17,11,9,1800000,2010,5.6,1.85,0
1,192,146,22000,46836394,728685,24783,989,17,6,12,25000000,1990,8.7,1.85,25000
1,97,95,500,56127162,57479,2020,205,17,6,9,18000000,2003,5.4,1.85,0
1,112,123,456,46800000,76477,1326,275,17,63,14,14000000,1977,7.1,2.35,0
1,280,94,326,56437947,85333,486,421,17,63,9,9800000,2006,7.3,1.85,0
1,49,98,742,44455658,36253,2457,92,17,6,12,25000000,1997,6.7,1.85,0
1,97,95,500,56127162,57479,2020,205,17,6,9,18000000,2003,5.4,1.85,0
1,287,103,2000,55153403,299127,5161,1509,17,6,12,1200000,2004,7.7,1.85,0
1,543,96,394,54239856,125016,673,789,17,6,12,17000000,2013,6.5,2.35,70000
1,81,90,18000,40485039,85362,20795,181,17,6,14,10000000,1989,6.9,2.35,0
1,408,117,14000,51533608,203111,16606,755,17,6,12,25000000,2011,6.8,2.35,32000
1,120,120,244,43800000,74249,1105,276,17,63,5,7200000,1971,6.7,2.35,0
1,77,122,276,39025000,73193,903,190,17,63,12,11000000,1995,7.6,1.85,0
1,354,98,1000,37707719,76094,2376,233,17,63,9,12000000,2013,7.6,1.85,37000
1,112,91,803,38916903,15664,1921,149,17,6,14,13000000,2014,5.8,1.85,0
1,197,107,1000,45506619,225102,3066,862,17,63,9,26000000,2000,7.8,2.35,16000
1,58,84,1000,52543632,12676,2297,84,17,6,9,13200000,2014,5.6,2.35,0
1,462,95,11000,54322273,139749,11946,509,17,63,9,17000000,2012,6.4,2.35,29000
1,131,120,22000,44886089,69576,40117,207,17,6,12,10000000,1997,6.9,1.85,2000
1,53,115,1000,38168022,4687,1964,83,17,6,12,3000000,2000,6.6,1.85,290
1,113,129,427,44469602,23480,952,83,17,6,14,17000000,2015,7.4,2.35,21000
1,287,103,2000,55153403,299127,5161,1509,17,6,12,1200000,2004,7.7,1.85,0
1,94,95,506,58156435,37479,1266,152,17,6,9,19000000,2004,5.9,2.35,0
1,543,96,394,54239856,125016,673,789,17,6,12,17000000,2013,6.5,2.35,70000
1,62,124,2000,54800000,35130,5122,283,17,6,12,6000000,1980,7.8,1.85,0
1,238,112,12000,42919096,64748,15800,122,17,6,9,15000000,2013,6.5,2.35,12000
1,110,106,2000,43853424,35514,5024,114,17,6,14,18000000,2011,7.1,2.35,15000
1,111,93,1000,37188667,34219,1531,578,17,6,9,12000000,2002,3.3,1.85,0
1,285,161,273,56715371,427357,727,1736,17,63,4,12000000,1968,8.3,2.2,24000
1,90,100,833,48637684,16979,2800,42,17,6,12,12500000,2014,6.1,2.35,0
1,635,141,26000,458991599,462669,92000,1117,17,6,9,250000000,2015,7.5,2.35,118000
1,338,114,979,65171860,106416,1766,205,17,6,9,195000000,2013,6.3,2.35,22000
1,244,138,613,93926386,168207,1205,684,17,6,9,150000000,2003,7.4,2.35,0
1,310,99,14000,83640426,152826,16184,253,17,6,9,150000000,2012,5.8,1.85,19000
1,186,96,87000,100289690,115099,108016,257,17,6,14,175000000,2007,5.4,2.35,2000
1,436,123,16000,116593191,223393,17657,550,17,6,9,200000000,2011,5.6,2.35,24000
1,328,192,5000,377019252,1215718,6434,3189,17,6,9,94000000,2003,8.9,2.35,16000
1,490,133,14000,350123553,325264,16277,916,17,6,12,58800000,2014,7.3,2.35,112000
1,653,121,14000,333130696,682155,32438,1097,17,6,9,170000000,2014,8.1,2.35,96000
1,451,108,40000,334185206,306320,79957,736,17,6,14,200000000,2010,6.5,1.85,24000
1,300,135,24000,373377893,411164,43388,1303,17,6,9,200000000,2004,7.3,2.35,0
1,653,121,14000,333130696,682155,32438,1097,17,6,9,170000000,2014,8.1,2.35,96000
1,226,147,177,2208939,190490,253,482,17,33,12,50000000,2006,7.5,2.35,26000
1,140,156,26000,4535117,38398,26564,368,17,33,9,60000000,2007,3.8,2.35,0
1,152,101,219,8129455,89568,661,142,17,6,14,45000000,2011,6.3,2.35,17000
1,292,123,10000,7689458,126307,11769,210,17,63,9,40000000,2009,6.8,1.85,19000
1,78,89,1000,9652000,46205,3096,147,17,6,9,40000000,2003,5.8,1.85,0
1,61,84,545,4777007,15130,1149,98,17,11,9,40000000,2001,5.8,2.35,565
1,76,110,865,5881504,5917,2972,50,17,6,9,39000000,2004,5.3,2.35,177
1,163,121,12000,16640210,53028,13040,382,17,6,12,55000000,1999,6.8,2.35,0
1,158,99,1000,19294901,26126,2535,325,17,6,9,35000000,2005,5,2.35,0
1,189,114,879,6565495,36455,949,229,25,30,12,45000000,2006,7,2.35,0
1,376,107,971,12026670,114241,1643,258,17,6,12,45000000,2013,6.4,2.35,24000
1,115,122,11000,22362500,35599,15275,195,17,6,9,55000000,1999,6.1,1.85,641
1,158,99,1000,19294901,26126,2535,325,17,6,9,35000000,2005,5,2.35,0
1,105,125,3000,18306166,28130,3142,215,17,63,9,35000000,2002,6.5,2.35,0
1,56,114,743,12065985,16260,2367,88,17,6,14,60000000,1998,4.9,2.35,296
1,135,105,18000,13101142,23916,23122,50,17,6,9,35000000,2012,5.7,2.35,0
1,24,103,849,2154540,3803,2457,41,17,6,12,45000000,1997,4.9,2.35,68
1,108,100,734,7204138,34809,2085,125,17,6,14,41000000,2011,6.2,2.35,11000
1,258,102,107,18600911,125198,362,153,17,6,9,42000000,2012,6.6,2.35,11000
1,186,133,226,6167817,62607,405,239,20,11,12,47000000,2004,7.7,2.35,0
1,24,101,690,6448817,2189,1993,31,17,6,14,35000000,1997,4.6,2.35,0
1,90,91,1000,10214013,23072,1564,89,17,6,12,35000000,2015,5.4,2.35,0
1,227,92,11000,14998070,41170,32875,298,17,6,12,35000000,2007,6.2,2.35,0
1,74,98,13000,16323969,45775,18085,112,17,6,9,40000000,2004,5.5,1.85,462
1,161,106,3000,17281832,60232,5329,110,17,33,14,60000000,2008,6.1,2.35,0
1,156,133,5000,24343673,91863,5405,524,17,6,9,45000000,2007,7.4,2.35,14000
1,186,133,226,6167817,62607,405,239,20,11,12,47000000,2004,7.7,2.35,0
1,181,107,40000,7605668,47320,42683,188,17,63,12,60000000,2015,5.5,2.35,12000
1,302,122,2000,18593156,88682,6161,241,17,6,12,35000000,2008,7.7,2.35,0
1,12,128,783,24332324,13830,3126,61,17,6,9,40000000,1994,6.1,1.85,680
1,107,109,40000,10654581,45497,52621,260,17,6,12,34000000,1999,5.3,1.85,1000
1,67,125,991,1027749,8087,1003,33,17,23,12,40000000,2008,7.1,2.35,1000
1,488,126,11000,4563029,181472,12286,514,17,66,12,39200000,2013,7,1.85,58000
1,95,127,746,14378353,12375,2393,194,17,6,9,36000000,1999,6.8,2.35,846
1,112,102,13000,7659747,14962,14165,204,17,6,12,38000000,2003,5.1,1.85,704
1,293,112,11000,6105175,247020,12239,835,17,6,12,44000000,2014,6.6,2.35,50000
1,245,118,6000,25450527,80196,7654,190,17,6,12,50000000,2009,6.5,2.35,0
1,79,139,11000,20389967,3077,12786,47,17,6,12,50000000,2016,6.7,1.85,10000
1,178,81,13000,10539414,45729,14619,176,17,6,9,47000000,2010,4.7,2.35,0
1,66,93,15000,652526,20201,15638,187,17,33,14,40000000,2006,5.1,2.35,823
1,98,108,687,22108977,29861,1134,132,17,36,9,41000000,2003,5.2,2.35,505
1,163,121,12000,16640210,53028,13040,382,17,6,12,55000000,1999,6.8,2.35,0
1,75,88,11000,6471394,15880,11972,93,17,6,9,50000000,2004,4.9,2.35,288
1,66,93,15000,652526,20201,15638,187,17,33,14,40000000,2006,5.1,2.35,823
1,209,131,879,27667947,86374,1344,392,17,63,12,50000000,2007,6.2,2.35,3000
1,95,127,746,14378353,12375,2393,194,17,6,9,36000000,1999,6.8,2.35,846
1,290,104,20000,157299717,452928,21397,1401,17,6,9,75000000,2000,7.4,2.35,0
1,103,116,8000,152149590,74274,12790,255,17,6,14,70000000,1999,5.5,2.35,0
1,193,103,1000,176387405,328159,5437,467,17,6,14,59000000,2002,7.6,1.85,3000
1,142,124,11000,172620724,146134,23603,393,17,6,12,85000000,1997,6.4,2.35,0
1,233,88,22000,161317423,145321,25354,139,17,6,14,95000000,2012,6.6,2.35,14000
1,188,94,835,196573705,166791,1258,132,17,6,14,90000000,2009,7,1.85,0
1,193,103,1000,176387405,328159,5437,467,17,6,14,59000000,2002,7.6,1.85,3000
1,166,83,13000,155019340,127345,22813,250,17,6,14,80000000,2006,6.8,1.85,0
1,134,113,11000,158115031,130070,13693,316,17,6,9,82000000,2005,6.4,2.35,0
1,495,142,15000,202853933,321227,28631,1067,17,6,9,200000000,2014,6.7,2.35,41000
1,599,153,15000,262030663,451803,28489,1225,17,6,9,230000000,2012,7,2.35,56000
1,495,142,15000,202853933,321227,28631,1067,17,6,9,200000000,2014,6.7,2.35,41000
1,376,104,12000,268488329,235025,14863,265,17,6,4,200000000,2013,7.3,1.85,44000
1,191,109,733,31990064,63390,2753,160,17,6,9,12000000,2015,6.4,2.35,0
1,112,91,935,15935068,19331,2899,317,17,6,12,2500000,1993,4.3,1.85,949
2,41,130,939,28734552,9566,3107,81,17,6,12,16000000,2001,6.4,1.85,1000
1,207,96,49000,31597131,97938,52138,605,17,6,12,12000000,2002,6.8,1.85,0
1,22,104,1000,23031390,4345,2868,26,17,6,12,4500000,1998,5.6,1.85,575
1,149,101,446,20772796,34232,497,346,17,53,9,6000000,2002,7.6,2.35,0
1,111,109,2000,22927390,25344,4947,77,17,6,9,18000000,2009,5.6,1.85,0
1,252,121,1000,17605861,145580,1184,351,17,63,12,6000000,2006,7.7,2.35,0
1,98,104,15000,23393765,31323,18760,76,17,6,9,20000000,2014,6.3,2.35,0
1,74,89,811,29302097,23408,2167,105,17,33,14,15000000,2004,4.6,1.85,810
1,197,132,3000,27154426,52852,6317,138,17,6,12,17000000,2009,6.7,2.35,4000
1,16,100,610,15369573,2580,1441,54,17,6,14,3000000,1990,5.3,1.85,710
1,32,144,469,20400000,6304,2037,87,17,6,20,8000000,1946,6.9,1.37,403
1,23,129,18000,16153600,8295,19065,30,17,6,12,10000000,1990,6.5,1.85,720
1,9,106,1000,17382982,5975,2840,33,19,6,12,5000000,2014,5.2,1.85,0
1,233,93,960,17427926,60062,1749,351,17,6,12,8000000,2008,5.9,2.35,0
1,37,89,799,13903262,14656,4291,90,17,6,9,11000000,2001,6.3,1.85,0
1,30,87,871,33349949,9010,1111,199,17,6,14,2500000,2012,5.1,1.85,0
1,62,86,584,23978402,10966,3850,100,17,6,9,11000000,2001,4.6,1.85,365
1,186,94,607,16235293,19918,1611,278,17,6,12,9000000,2006,4.5,2.35,0
1,83,106,773,28873374,22161,2787,68,17,6,14,10000000,2013,4.1,1.85,0
1,35,96,1000,20257000,7569,5282,65,17,6,12,7000000,1988,5.2,1.85,978
1,271,110,22000,28747570,100571,22140,416,17,1,12,7000000,2005,7.4,2.35,0
1,132,96,651,16667084,90070,3119,248,17,6,9,11000000,1990,7.1,1.85,11000
1,220,119,908,33386128,36372,3226,491,17,6,12,15000000,2009,4.9,1.85,3000
2,351,93,21000,31501218,84070,22745,526,17,6,14,7500000,2005,7.5,1.85,0
1,226,129,883,33565375,111351,1565,568,17,63,12,15000000,2005,7.5,1.85,0
1,89,84,655,20339754,23928,2737,73,17,6,12,10000000,2007,5.9,1.85,441
2,252,97,654,20433940,78883,1876,662,17,1,12,15000000,2005,6.2,2.35,0
1,98,104,15000,23393765,31323,18760,76,17,6,9,20000000,2014,6.3,2.35,0
1,92,95,1000,16017403,17333,3300,153,17,6,12,5000000,2001,6.2,1.85,0
1,162,106,18000,23272306,740918,20821,1182,17,6,12,6000000,1995,8.6,2.35,28000
1,128,121,13000,22905674,121676,14890,290,17,6,12,12000000,1998,7.4,2.35,0
1,94,109,3000,23179303,32951,4257,44,17,51,14,20000000,2011,5.8,1.85,6000
1,417,140,33000,21383298,187170,34413,376,17,6,12,15000000,2012,7.3,2.35,47000
1,112,75,1000,23078294,25870,3590,281,17,6,9,9000000,2006,5.1,2.35,0
1,167,104,296,35143332,45102,1340,316,17,6,12,17000000,2003,5.6,2.35,0
1,91,94,16000,16101109,76467,19957,236,17,6,12,3000000,2005,6.8,1.85,0
1,273,80,2000,33583175,104089,5628,319,17,6,9,10000000,2010,6.3,2.35,16000
1,123,93,742,15126948,20815,1227,335,17,6,12,5000000,1995,4.9,1.85,0
1,58,84,8000,13592872,10777,10982,79,17,6,12,11000000,2000,5.1,1.85,671
1,190,86,390,23993605,52467,727,248,17,6,12,18000000,2009,5.8,2.35,0
1,417,140,33000,21383298,187170,34413,376,17,6,12,15000000,2012,7.3,2.35,47000
1,171,92,26000,25296447,237248,27572,460,17,11,9,21000000,2002,6.8,2.35,0
1,50,122,848,33451479,17068,1164,215,17,6,14,500000,2008,6.5,1.85,0
1,44,152,232,36000000,9456,825,107,17,6,13,4000000,1952,6.7,1.37,625
1,282,92,383,34334256,35131,1945,255,17,6,12,11000000,2013,4.8,2.35,16000
1,336,104,972,27689474,85688,2071,339,17,6,12,5000000,2013,6.5,2.35,23000
1,211,105,11000,20338609,19655,12946,280,17,6,9,10000000,2006,6.8,2.35,683
1,164,94,363,26049082,76791,1024,100,17,6,12,8000000,2014,6.1,2.35,0
1,186,94,607,16235293,19918,1611,278,17,6,12,9000000,2006,4.5,2.35,0
1,155,117,12000,24362501,69980,13576,591,17,6,12,21500000,1999,7.2,2.35,0
1,50,115,116,30127963,12596,525,64,17,6,14,15000000,2014,6.7,1.85,0
1,181,101,544,27758465,77987,1292,120,17,6,9,19000000,2010,6.1,2.35,0
1,37,109,1000,27362712,5971,3199,60,17,6,9,8000000,2002,6.5,1.85,0
1,108,97,912,21468807,13048,2682,227,17,6,12,14000000,2000,4.1,2.35,243
1,79,95,1000,34099640,16651,2515,149,17,6,14,5000000,2000,7,1.37,0
1,181,107,2000,15854988,36542,2447,378,17,6,9,13500000,2002,7.4,1.85,0
1,53,112,16000,36500000,87090,17568,142,17,6,14,8000000,1979,7.6,1.85,0
1,138,87,426,30000000,43485,1472,327,17,6,12,2200000,1985,5.4,1.85,0
1,191,84,2000,15417771,87494,3416,540,17,6,12,12600000,2003,6.1,1.85,0
1,256,101,40000,26505000,149285,42918,668,17,6,16,1800000,1984,7.5,1.85,10000
1,151,94,2000,30259652,26905,5440,614,17,6,12,15000000,2002,4.1,2.35,0
1,153,155,3000,26384919,189032,3677,560,17,6,12,15000000,1997,7.9,2.35,0
1,161,93,45000,15152879,13506,46868,68,17,11,9,5000000,2013,4,2.35,0
1,203,103,155,27285953,48675,259,214,17,6,12,5000000,2015,6.8,1.85,16000
1,323,106,14000,20803237,110616,18645,291,17,6,12,3500000,2010,7.1,1.85,16000
1,277,88,383,30859000,96410,1094,826,17,6,12,83532,1974,7.5,1.85,0
1,159,81,220,22757819,13521,276,150,17,6,12,100000,2015,4.2,1.85,0
1,274,100,10000,28637507,212167,11471,713,17,63,12,15000000,2007,7,1.85,0
1,148,90,16000,20259297,24969,19952,258,17,6,9,20000000,2006,4.7,2.35,0
1,331,105,11000,29959436,82327,12894,350,17,63,9,13000000,2011,6.4,2.35,18000
1,159,81,220,22757819,13521,276,150,17,6,12,100000,2015,4.2,1.85,0
1,287,120,103,128067808,217740,129,1641,25,37,9,15000000,2000,7.9,2.35,0
1,106,119,12000,109713132,61621,15449,219,17,6,14,25000000,1986,7.3,2.35,0
1,286,97,3000,100292856,160418,5547,296,17,6,12,20000000,2011,5.7,1.85,16000
1,304,132,15000,116631310,87665,20035,323,17,6,9,30000000,2013,7.2,1.85,41000
1,185,138,12000,130727000,887467,13184,916,17,6,12,19000000,1991,8.6,1.85,40000
1,122,88,2000,112692062,84325,4499,205,17,6,14,35000000,2001,5.4,1.85,0
1,75,131,813,102922376,51314,1520,265,17,6,14,20000000,1978,5.7,2.35,0
1,287,120,103,128067808,217740,129,1641,25,37,9,15000000,2000,7.9,2.35,0
1,208,175,14000,134821952,1155770,28122,2238,17,6,12,6000000,1972,9.2,1.85,43000
1,539,122,34000,132088910,533607,72115,692,17,6,12,21000000,2012,7.8,2.35,117000
1,75,94,110,105500000,31260,582,152,17,1,12,4000000,1981,6.2,1.85,0
1,185,138,12000,130727000,887467,13184,916,17,6,12,19000000,1991,8.6,1.85,40000
1,669,108,20000,106952327,551363,38072,1140,17,6,12,13000000,2010,8,2.35,106000
1,157,102,925,101978840,77724,1018,162,17,6,12,15000000,2013,6.6,1.85,26000
1,121,93,1000,119500000,95294,4701,363,17,6,12,2600000,1974,7.8,2.35,12000
1,149,133,888,112000000,680041,2176,760,17,6,12,4400000,1975,8.7,1.85,32000
1,141,145,13000,117235247,375240,16094,542,17,6,14,960000,1976,8.1,1.33,0
1,340,106,18000,117528646,353442,18669,387,17,6,12,35000000,2011,6.9,2.35,31000
1,245,129,309,139259759,364948,1062,2121,17,23,12,150000000,2003,6.7,2.35,0
1,280,103,1000,131564731,118951,2857,1382,17,6,14,150000000,2010,4.2,2.35,18000
1,196,92,3000,111505642,47900,5810,130,17,6,14,145000000,2014,6.9,1.85,11000
1,190,154,10000,111110575,317166,11945,928,17,6,12,140000000,2003,7.7,2.35,0
1,490,143,29000,144812796,362912,29770,753,17,23,9,105000000,2013,7.3,2.35,115000
1,362,107,40000,123207194,183208,43291,337,17,6,14,135000000,2011,7.2,2.35,26000
1,94,141,2000,146282411,190439,4528,351,17,6,12,115000000,1994,7.2,2.35,0
1,354,135,3000,134518390,326286,5811,643,17,6,9,150000000,2008,6.8,2.35,0
1,154,98,49000,113733726,67223,53587,126,17,6,14,127000000,2014,6.2,1.85,11000
1,118,119,29000,39778599,176169,29461,548,17,6,12,50000000,2000,6.6,2.35,0
1,377,162,21000,33048353,301279,36928,589,17,6,12,65000000,2007,7.7,2.35,12000
1,211,125,8000,40559930,41727,10623,184,17,6,9,60000000,2009,6.2,2.35,0
1,49,94,1000,36830057,10883,2151,73,17,6,14,65000000,1999,4.9,1.85,448
1,215,118,16000,37035845,136680,28045,149,17,6,12,52000000,2011,6.4,2.35,13000
1,47,92,789,50024083,35918,2318,126,17,6,12,60000000,1995,5.4,1.85,1000
1,108,134,548,36976367,81611,1044,274,17,6,9,75000000,1998,6,2.35,0
1,371,120,20000,31569268,172965,23051,627,17,6,12,49000000,2015,6.9,2.35,67000
1,81,94,854,60573641,68406,4530,162,17,6,14,60000000,1996,5.4,1.85,0
1,82,94,374,36037909,10132,1238,130,17,33,9,60000000,2000,4.7,1.85,390
1,60,103,2000,51317350,78343,2710,139,17,6,9,57000000,1996,6.4,2.35,0
1,219,96,874,50807639,40883,3151,122,17,6,14,60000000,2014,6.8,1.85,11000
1,76,136,11000,37901509,96385,12226,119,17,6,9,70000000,1997,7,2.35,0
1,241,103,27000,54758461,147641,29808,238,17,6,9,65000000,2012,6.3,2.35,18000
1,196,119,834,53789313,89816,3637,347,17,6,9,60000000,2003,6.3,2.35,0
1,82,94,374,36037909,10132,1238,130,17,33,9,60000000,2000,4.7,1.85,390
1,209,157,14000,28965197,133526,18216,521,17,6,12,68000000,1999,7.9,2.35,0
1,138,101,23000,43060566,107859,53024,569,17,6,9,60000000,2002,6.2,2.35,0
1,197,106,11000,37760080,72868,12871,618,17,6,14,70000000,2004,6.1,1.85,0
1,212,130,5000,31165421,107028,10247,457,17,6,9,60000000,2013,6,2.35,44000
1,315,129,13000,32741596,80140,14344,323,17,6,9,50000000,2010,6.5,2.35,16000
1,280,159,10000,55637680,227071,11424,1500,17,63,12,65000000,1999,7.3,1.66,10000
1,313,105,539,50549107,99035,1411,289,17,6,9,60000000,2014,6.2,2.35,17000
1,117,143,509,38966057,23940,1409,157,17,11,12,65000000,1998,6.7,2.35,688
1,156,95,17000,50150619,45580,19513,102,17,6,14,50000000,2014,7.3,2.35,18000
2,61,132,45000,30306268,62981,58528,84,17,11,12,50000000,1995,6.3,1.85,0
1,123,118,13000,33828318,44453,14036,154,17,6,9,55000000,2003,5.8,2.35,0
2,61,132,45000,30306268,62981,58528,84,17,11,12,50000000,1995,6.3,1.85,0
1,134,135,324,32598931,49300,1013,265,17,6,12,65000000,2000,6.2,2.35,892
1,156,215,648,36385763,138941,1937,1448,17,6,12,52000000,1998,7.6,2.35,0
1,64,116,192,61355436,52136,475,184,17,6,9,68000000,1997,6.2,2.35,0
1,171,105,87000,48745150,50170,101383,306,17,6,9,50000000,2006,5.8,2.35,773
1,196,119,834,53789313,89816,3637,347,17,6,9,60000000,2003,6.3,2.35,0
1,81,98,966,50189179,61966,2018,207,17,6,9,60000000,2002,5.3,1.85,797
1,98,87,15000,33643461,11257,20061,65,17,6,14,50000000,2010,4.2,2.35,0
1,79,160,469,14500000,25019,1548,159,17,65,4,25000000,1970,7.5,2.35,0
1,584,139,11000,13303319,136367,13021,975,17,6,9,32000000,2011,6.7,1.85,39000
1,68,115,757,17174870,15817,1201,210,17,6,9,18000000,2000,6.7,2.35,0
1,45,106,1000,6420319,15978,5705,122,17,59,9,20000000,2015,7.4,2.35,15000
1,126,106,11000,11854694,14281,17560,64,17,6,14,31000000,2010,6.5,1.85,0
1,230,111,796,13034417,55665,2633,118,17,6,9,15000000,2009,6.9,2.35,10000
2,148,127,40000,5887457,142416,56585,420,17,6,12,18000000,1994,7.9,1.85,0
1,29,132,14000,8600000,17982,28094,95,17,63,14,25000000,1984,7,2.35,1000
1,202,108,22000,13060843,149528,26050,454,17,6,12,15000000,2002,7.7,2.35,0
1,173,95,991,17529157,49888,2173,220,17,11,12,20000000,2012,5,2.35,25000
1,118,106,1000,7486906,17436,2495,71,17,6,14,27000000,2007,6.8,1.85,0
1,111,251,22000,5300000,221000,24719,495,17,4,12,30000000,1984,8.4,1.85,12000
1,218,92,860,5306447,58967,2717,169,17,6,9,15000000,2009,7.2,1.85,10000
1,165,111,527,6109075,32003,735,65,20,11,9,19430000,2009,6.7,2.35,0
1,100,97,497,16779636,9338,1805,167,17,6,12,28000000,2000,4.8,2.35,209
1,223,103,21000,4235837,175962,23932,336,17,6,12,15000000,2005,7.6,2.35,0
1,42,101,1000,1075288,7772,2228,55,17,6,12,22000000,1996,6.1,1.85,145
1,38,112,567,6734844,29591,711,118,17,6,12,17000000,1986,5.9,1.85,0
1,32,82,721,9975684,20033,1805,117,17,1,9,13000000,1998,6.4,1.85,679
1,93,104,405,7739049,10680,847,112,17,1,12,18000000,2004,7.1,1.85,562
1,53,88,327,13019253,3914,1509,47,17,6,9,23000000,2000,5.6,1.85,153
1,584,139,11000,13303319,136367,13021,975,17,6,9,32000000,2011,6.7,1.85,39000
1,273,160,11000,3904982,136104,22516,415,17,6,12,30000000,2007,7.5,2.35,0
1,251,137,14000,5459824,92781,15337,320,17,6,12,26000000,2006,7.6,2.35,5000
1,64,99,2000,16930185,14315,4169,101,17,33,9,29000000,2002,5.3,1.85,201
1,30,98,1000,7434726,14473,3671,81,17,6,12,23000000,1991,6,1.85,0
1,34,94,13000,13801755,23928,15183,100,17,6,14,20000000,1997,6.6,1.85,0
1,61,86,878,10397365,11693,2165,104,17,6,9,14000000,2001,5.4,2.35,613
1,97,97,12000,11614236,9294,15209,140,17,6,9,15000000,1999,5.6,1.37,251
1,85,134,2,5532301,21606,4,117,17,6,9,28000000,1997,7,2.35,0
1,140,93,849,14888028,28606,2178,262,17,6,9,30000000,2005,5.1,2.35,0
1,276,91,34000,958319,39764,34705,148,17,6,9,21000000,2011,6.7,2.35,17000
1,119,107,13000,11008432,43903,16651,194,17,6,9,25000000,2005,7.1,1.85,5000
1,13,98,691,8500000,2061,1761,34,17,6,14,20000000,1981,5.4,1.78,501
1,45,98,29000,12782508,20163,63194,71,17,6,9,23000000,1996,6.7,1.85,1000
1,32,118,738,13000000,10895,1458,150,17,6,4,24000000,1978,5.2,1.85,0
1,92,93,13000,17718223,162067,14180,316,17,6,12,25000000,2004,6.6,1.85,0
1,107,94,712,15155772,8895,1673,48,17,6,9,18000000,2014,5.7,2.35,3000
1,97,97,12000,11614236,9294,15209,140,17,6,9,15000000,1999,5.6,1.37,251
1,328,103,10000,2412045,109873,12867,320,17,63,12,15000000,2010,7.2,2.35,33000
1,127,101,1000,4476235,49405,4186,226,17,6,12,27000000,2004,6.4,2.35,2000
1,60,114,1000,18252684,18366,1816,219,17,6,14,30000000,1998,6.9,1.85,0
1,11,105,723,8508843,7470,2368,35,17,6,14,18000000,1989,5.5,1.37,0
1,148,96,805,16027866,26767,1411,121,17,11,9,25000000,2015,5.1,2.35,0
1,116,90,966,4360548,13371,2661,60,17,6,12,15000000,2009,6.4,1.85,0
1,32,118,738,13000000,10895,1458,150,17,6,4,24000000,1978,5.2,1.85,0
1,124,112,805,7837632,46396,1466,287,17,6,12,18000000,1997,7.5,1.85,0
1,47,85,1000,15911333,2855,2429,119,17,63,4,19000000,2000,3.6,1.85,663
1,180,99,400,11100000,92464,896,331,17,6,9,25000000,1986,7.3,2.35,19000
1,97,87,826,14249005,39788,2689,619,17,6,12,15000000,2001,4.5,1.85,0
1,37,96,3000,15062898,11729,6861,106,17,6,12,14000000,1998,6,1.85,645
1,208,107,746,15608545,53471,2377,224,17,6,12,15000000,2012,5.4,2.35,29000
1,84,96,8000,15427192,11768,11078,148,17,6,9,16000000,2000,5.6,1.85,492
1,52,85,985,13973532,11211,3065,92,17,6,9,25000000,2002,5.1,1.85,215
1,128,108,11000,3203044,25165,14843,155,17,6,12,18000000,2003,6.4,2.35,827
1,122,105,716,99462,11347,1843,28,17,11,14,33000000,2013,7.1,2.35,5000
1,160,99,22000,8855646,49855,23409,117,17,6,9,21000000,2009,7.2,2.35,10000
1,297,109,957,13782838,258078,1757,911,17,6,12,15000000,1982,8.2,2.35,23000
1,165,111,527,6109075,32003,735,65,20,11,9,19430000,2009,6.7,2.35,0
1,20,105,3000,10070000,5668,5023,50,17,6,9,25000000,1996,6.2,1.85,491
2,49,105,477,5217498,3668,2312,85,17,6,9,15000000,2000,4.6,1.85,157
1,98,96,12000,183125,36914,14978,86,17,6,12,35000000,2012,5.5,2.35,0
1,92,93,13000,17718223,162067,14180,316,17,6,12,25000000,2004,6.6,1.85,0
1,81,98,2000,10544143,16372,4843,121,17,23,9,20000000,1999,6.1,1.37,311
1,252,147,6000,7219578,235992,8484,1768,17,11,12,15000000,2001,8,1.85,16000
1,76,108,786,8054280,6838,2730,117,17,6,9,20000000,2004,6.3,1.85,924
1,42,101,1000,1075288,7772,2228,55,17,6,12,22000000,1996,6.1,1.85,145
1,297,109,957,13782838,258078,1757,911,17,6,12,15000000,1982,8.2,2.35,23000
1,95,148,3,630779,11101,5,159,17,6,12,35000000,1999,6.8,2.35,633
1,97,97,12000,11614236,9294,15209,140,17,6,9,15000000,1999,5.6,1.37,251
1,34,94,13000,13801755,23928,15183,100,17,6,14,20000000,1997,6.6,1.85,0
1,169,89,2000,9639242,16437,5470,68,17,6,9,24000000,2011,4.9,1.85,0
1,300,107,24000,16204793,92712,24805,294,17,6,12,16000000,2009,5.1,1.85,6000
1,25,98,372,8000000,1400,927,41,17,6,14,18000000,1981,5,2.35,346
1,160,107,798,14637490,16411,2537,136,17,6,12,25000000,2010,4.8,2.35,0
1,157,122,23000,6855137,88590,27381,419,17,33,12,17000000,2006,7.4,2.35,0
1,36,114,20000,18653615,14786,22040,103,17,6,9,23000000,1999,6.1,2.35,638
1,280,122,12000,1697956,64944,13809,212,17,6,12,20000000,2009,6.7,1.85,6000
1,273,160,11000,3904982,136104,22516,415,17,6,12,30000000,2007,7.5,2.35,0
1,16,102,670,15593,2295,1562,40,17,6,9,21000000,1999,5.8,1.85,284
1,42,95,1000,4193025,30682,2518,194,17,6,12,15000000,1999,6.8,2.35,0
1,145,83,465,4930798,16268,730,108,17,6,9,17000000,2012,4.1,2.35,0
1,337,103,29,252652,54104,44,199,15,19,9,19900000,2010,7,1.85,38000
1,151,117,11000,13987482,58957,15713,91,17,6,12,20000000,2011,6,1.85,0
1,308,107,11000,3675072,190132,11623,801,17,63,12,26000000,2007,7.3,2.35,15000
1,99,145,876,13038660,16995,1282,163,17,6,12,25000000,1999,7.3,1.85,0
1,60,114,1000,18252684,18366,1816,219,17,6,14,30000000,1998,6.9,1.85,0
1,42,91,925,10443316,7159,2913,88,17,6,9,15000000,1998,5,1.85,247
1,146,107,23000,1190018,261317,25088,1137,17,6,12,20000000,2002,7.5,2.35,20000
1,94,105,901,234760500,126464,3464,175,17,6,12,14000000,1984,7.3,1.85,0
1,223,127,11000,290158751,837759,12643,900,17,6,14,18000000,1980,8.8,2.35,17000
1,233,118,13000,37899638,98472,27114,492,17,6,9,88000000,2005,5.9,1.85,0
1,128,152,940,27796042,45031,4310,376,17,6,14,72000000,2001,6.9,1.85,0
1,61,97,1000,18318000,24868,2521,216,17,23,4,80000000,1998,5.8,1.85,964
1,62,104,752,6712451,4102,3133,89,17,28,12,90000000,2001,4.4,1.85,53
1,78,94,490,17010646,40751,1195,239,17,6,14,84000000,2005,2.2,1.85,881
1,106,137,2000,22406362,16832,5780,267,17,6,9,107000000,2004,6,2.35,701
1,188,120,1000,24004159,68722,3175,191,17,6,14,110000000,2004,5.8,2.35,0
1,435,128,4000,36381716,197584,7067,918,17,6,9,82000000,2011,6.1,2.35,42000
2,242,122,326,33201661,534262,809,1314,20,11,12,77000000,2001,8.4,2.35,39000
1,79,177,766,17593391,56403,4346,376,17,6,12,80000000,1997,6,2.35,0
1,212,87,827,40198710,87451,3144,660,17,6,9,100000000,2004,3.3,2.35,0
1,101,94,563,15131330,25843,683,64,17,11,14,86000000,2006,6,2.35,941
1,61,124,1000,11000000,21102,3611,169,17,6,9,98000000,1995,5.6,2.35,1000
1,266,115,13000,35024475,110364,13761,261,17,11,12,100000000,2010,6.9,2.35,0
1,101,91,3000,20950820,24183,5593,160,17,33,14,80000000,2003,5.7,2.35,665
1,221,143,15000,233630478,394317,15838,1051,17,6,9,90000000,2000,7.7,1.85,23000
1,208,106,710,227965690,271592,1675,2335,17,6,9,72000000,2002,6.7,1.85,0
1,289,134,20000,214948780,405973,20952,1055,17,1,9,110000000,2003,7.5,2.35,0
1,232,174,11000,261970615,387616,35672,858,17,63,14,100000000,2002,7.4,2.35,0
1,141,106,22000,279167575,211296,24938,428,17,6,9,80000000,2004,6.3,1.85,0
1,222,107,283,127706877,142496,662,399,17,6,14,85000000,2007,7.1,2.35,0
1,238,122,14000,117144465,256928,43499,288,17,6,9,85000000,2007,6.9,2.35,0
1,298,115,18000,126149655,166693,36237,276,17,6,12,85000000,2012,6.8,2.35,19000
1,307,95,21000,100448498,272789,23018,285,17,6,12,65000000,2010,6.6,2.35,25000
1,292,132,18000,101530738,229574,37605,436,17,6,12,55000000,2014,7.2,2.35,56000
1,140,116,11000,105807520,156717,14087,357,17,6,9,50000000,2003,6.4,1.85,0
1,183,106,4000,118683135,102167,8315,483,17,6,9,52000000,2006,5.8,1.85,0
1,213,103,2000,125603360,667983,3698,877,17,6,14,60000000,1998,8.1,1.85,18000
1,153,74,3000,104354205,162331,5713,332,17,6,12,55000000,2003,6.3,2.35,0
1,75,142,49000,119654900,182802,64259,363,17,6,14,70000000,1991,6.7,2.35,13000
1,140,116,11000,105807520,156717,14087,357,17,6,9,50000000,2003,6.4,1.85,0
1,144,99,11000,109993847,72326,12831,116,17,6,14,80000000,2008,6.1,2.35,0
1,358,119,18000,98895417,203154,31782,698,17,6,12,70000000,2013,6.5,2.35,45000
1,143,80,3000,100169068,16385,4394,100,17,6,14,80000000,2010,4.6,1.85,0
1,241,130,912,103338338,55901,2856,503,17,6,9,70000000,2006,6.5,2.35,0
1,121,116,593,108200000,76331,2908,269,17,6,14,54000000,1980,6.8,2.35,0
1,322,137,769,115603980,103589,2938,351,17,6,9,65000000,2014,7.2,2.35,35000
1,391,108,24000,83813460,270238,35209,452,17,6,12,25000000,2009,7.4,1.85,19000
1,253,105,884,80050171,186982,2288,491,17,6,9,20000000,2007,6.9,1.85,0
1,61,78,759,72217000,216486,2462,242,17,6,9,12000000,1994,6.9,1.85,0
1,159,97,2000,86049418,245989,5032,554,17,6,9,17000000,2004,7,1.85,0
1,100,91,2000,94497271,17829,4729,99,17,6,14,20000000,2008,3.7,2.35,0
1,131,102,1000,79566871,31760,4516,140,17,6,4,30000000,2009,4.2,1.85,0
1,181,98,640000,84136909,267921,656730,577,17,6,9,26000000,2004,7.2,1.85,0
1,56,123,1000,70492685,11600,5306,64,17,6,12,17000000,2013,6.7,2.35,7000
1,105,88,1000,84300000,90360,1178,147,17,6,10,2600000,1940,7.5,1.37,0
1,181,98,640000,84136909,267921,656730,577,17,6,9,26000000,2004,7.2,1.85,0
1,92,127,2000,75597042,26434,6657,174,17,6,4,20000000,2002,7,2.35,0
1,110,105,12000,76400000,58743,14762,192,17,6,14,17000000,1984,6.6,2.35,0
2,174,185,14000,96067179,865020,15233,1273,17,6,12,22000000,1993,8.9,1.85,41000
2,174,185,14000,96067179,865020,15233,1273,17,6,12,22000000,1993,8.9,1.85,41000
1,405,125,15000,83299761,117719,19809,306,17,6,9,35000000,2013,7.5,2.35,39000
1,168,97,14000,71500556,171568,16999,571,17,63,12,26000000,2001,6.7,2.35,0
1,181,98,640000,84136909,267921,656730,577,17,6,9,26000000,2004,7.2,1.85,0
1,148,101,642,80276912,140740,1026,151,17,6,9,35000000,2008,6.1,2.35,0
1,218,109,13000,86208010,97045,16179,285,17,6,9,35000000,2014,5.7,1.85,55000
1,454,114,19000,91121452,467613,20295,608,17,63,9,14000000,2014,8.1,2.35,165000
1,250,95,1000,87025093,188679,4134,864,17,6,12,4000000,2005,6.6,1.85,0
1,112,110,12000,74888996,55513,16230,188,17,6,14,30000000,1991,7.2,2.35,0
1,148,100,989,84518155,35965,2654,144,17,6,12,20000000,2014,4.9,1.85,11000
1,99,120,16,76400000,71321,16,230,17,6,4,2280000,1940,7.8,1.37,3000
1,72,145,10000,70001698,76842,12098,173,17,6,12,14000000,1989,7.2,2.35,4000
1,82,99,399,91443253,21034,663,153,17,6,14,12000000,2014,5.8,2.35,23000
1,105,88,1000,84300000,90360,1178,147,17,6,10,2600000,1940,7.5,1.37,0
1,223,112,10000,64998368,213898,12676,250,17,6,9,17000000,2012,7.2,1.85,36000
1,156,100,49000,63992328,32399,62644,79,17,23,14,135000000,2011,5.9,2.35,0
1,132,88,921,21379315,17590,2652,112,17,6,14,150000000,2011,5.4,2.35,0
1,112,111,778,11905519,30210,2205,214,22,20,12,200000000,2005,7.1,1.85,0
1,166,106,12000,32131830,72259,15015,788,17,6,9,137000000,2001,6.4,1.85,0
1,384,127,17000,47375327,139593,47334,720,17,6,9,176000000,2015,5.4,2.35,44000
1,188,100,15000,665426,120798,16264,444,17,6,4,165000000,2004,6.6,2.35,10000
1,231,120,26000,47952020,37750,46719,134,17,6,9,115000000,2016,6.1,2.35,16000
1,314,150,23000,65007045,128694,26489,657,17,63,9,140000000,2014,6.1,2.35,51000
1,165,94,17000,177343675,70133,17883,214,17,6,14,135000000,2015,6.7,1.85,26000
1,165,94,17000,177343675,70121,17883,214,17,6,14,135000000,2015,6.7,1.85,26000
1,165,94,17000,177343675,70136,17883,214,17,6,14,135000000,2015,6.7,1.85,26000
1,167,89,1000,179982968,146019,3285,119,17,6,14,150000000,2008,6.7,1.85,0
1,165,94,17000,177343675,70136,17883,214,17,6,14,135000000,2015,6.7,1.85,26000
2,400,144,6000,167007184,470483,9125,2301,17,63,9,150000000,2006,8,2.35,0
1,211,93,851,216366733,119213,2444,154,17,6,14,145000000,2012,6.9,1.85,17000
1,521,130,10000,208543795,317542,14363,620,17,6,9,170000000,2014,7.6,1.85,45000
1,108,131,1000,50300000,68565,2943,300,17,63,14,30000000,1985,6.3,2.35,0
1,459,142,15000,72306065,178118,16944,355,17,6,9,40000000,2015,7.6,2.35,55000
1,117,136,18000,60984028,259519,45271,431,17,6,12,57000000,1997,7.5,2.35,11000
1,122,82,11,49968653,85423,37,374,17,6,9,28000000,2001,6.9,1.85,12000
1,70,98,2000,54967359,52805,7039,209,17,6,12,40000000,1997,5.2,1.85,0
2,125,206,433,70405498,113472,698,442,17,11,12,40000000,1991,8,2.35,0
1,140,120,18000,50173190,148490,33615,537,17,6,9,48000000,2001,7.4,2.35,0
1,49,115,8000,61490000,62037,10493,148,17,6,12,26000000,1990,6.6,2.35,0
1,161,118,12000,55808744,59435,15889,323,17,6,9,53000000,2005,5.7,2.4,0
1,170,101,713,60443237,76882,1852,106,17,6,9,25000000,2012,6.5,2.35,29000
1,214,107,152,63411478,114925,568,234,17,6,9,39000000,2009,7.1,2.35,13000
1,16,116,954,49851591,7900,2179,34,17,6,14,40000000,1986,5.9,2.35,263
1,177,92,17000,55291815,28041,17860,111,17,6,12,35000000,2016,6,2.35,0
1,341,130,23000,53082743,844052,63986,1100,17,6,9,40000000,2006,8.5,2.35,49000
1,16,116,954,49851591,7900,2179,34,17,6,14,40000000,1986,5.9,2.35,263
1,175,99,18000,52320979,114321,18693,548,17,6,14,40000000,2006,6.8,2.35,0
2,339,141,749,47307550,104301,1948,269,17,6,12,45000000,2012,6.5,2.35,28000
1,452,98,303,66359959,184641,337,326,17,6,9,35000000,2013,6.9,2.35,81000
1,69,135,16000,70960517,54631,27237,192,17,6,9,35000000,1995,7.5,1.85,0
1,206,102,956,62318875,156225,2998,502,17,6,12,50000000,2006,6.8,2.35,0
1,118,106,1000,57887882,35508,2325,211,17,6,9,50000000,2004,6.1,1.85,0
1,165,114,154,60470220,81444,428,192,17,6,9,50000000,2003,6.2,2.35,955
1,95,125,593,60000000,49934,2329,224,17,63,14,39000000,1983,4.9,2.35,0
1,112,127,844,62300000,72085,2118,263,17,63,14,28000000,1981,6.8,2.35,2000
1,83,89,3000,57011847,20615,3361,44,17,6,14,40000000,2013,5.9,2.35,0
1,61,202,18000,48169908,63923,20143,156,17,6,9,33000000,1992,7.7,1.85,0
1,210,145,534,55473600,207686,1543,776,17,6,12,50000000,1992,6.4,2.35,0
2,73,147,22000,53300852,154487,37076,259,17,6,12,44000000,1996,7.5,2.35,0
1,596,187,46000,54116191,272839,49912,1018,17,6,12,44000000,2015,7.9,2.76,114000
1,222,105,22000,63910583,106755,35694,173,17,6,9,28000000,2013,6.6,2.35,27000
1,154,99,22000,63034755,16984,23562,96,17,6,12,29000000,2016,5.3,1.85,0
1,253,118,15000,62877175,217507,16758,325,17,6,12,30000000,2008,7.2,1.85,0
1,358,128,13000,50815288,109188,14747,625,17,6,12,50000000,2005,7,2.35,0
1,49,104,13000,58422650,78974,25599,173,17,6,9,55000000,1992,6.4,1.85,8000
1,196,116,18000,54414716,114294,30571,187,17,6,12,42000000,2014,6.3,2.35,12000
1,129,116,18000,71026631,98899,20970,394,17,6,9,36000000,2002,7,1.85,0
1,366,116,16000,148085755,561773,17347,871,17,6,12,33000000,2008,8.2,2.35,28000
1,238,108,14000,143704210,145974,26002,611,17,6,9,52000000,2008,6.3,2.35,10000
1,321,125,40000,127997349,101178,62837,779,17,6,14,50000000,2014,6,2.39,90000
1,358,98,14000,139852971,238671,16410,461,17,11,9,45000000,2012,6.3,2.35,63000
1,80,104,901,139225854,34561,5265,116,17,6,4,60000000,2002,5.5,1.85,1000
1,275,120,4000,134455175,97664,5826,232,17,6,12,35000000,2013,5.7,2.35,17000
1,366,116,16000,148085755,561773,17347,871,17,6,12,33000000,2008,8.2,2.35,28000
1,121,105,1000,132541238,30058,2505,236,17,6,9,33000000,2003,5.5,2.35,800
1,96,96,13000,150415432,117606,15662,217,17,6,12,44000000,1985,6.4,2.35,0
1,55,115,49000,135014968,80580,74382,375,17,6,9,50000000,1998,6.7,2.35,0
